<?xml version="1.0" encoding="UTF-8"?>
<project-private xmlns="http://www.netbeans.org/ns/project-private/1">
    <editor-bookmarks xmlns="http://www.netbeans.org/ns/editor-bookmarks/2" lastBookmarkId="0"/>
    <open-files xmlns="http://www.netbeans.org/ns/projectui-open-files/2">
        <group>
            <file>file:/C:/Users/B.2.S/OneDrive/Desktop/New%20folder/project/src/project/Report.java</file>
            <file>file:/C:/Users/B.2.S/OneDrive/Desktop/New%20folder/project/src/project/Project.java</file>
            <file>file:/C:/Users/B.2.S/OneDrive/Desktop/New%20folder/project/src/project/Register.java</file>
            <file>file:/C:/Users/B.2.S/OneDrive/Desktop/New%20folder/project/src/project/Owner.java</file>
            <file>file:/C:/Users/B.2.S/OneDrive/Desktop/New%20folder/project/src/project/Receipt.java</file>
            <file>file:/C:/Users/B.2.S/OneDrive/Desktop/New%20folder/project/src/project/startja.java</file>
            <file>file:/C:/Users/B.2.S/OneDrive/Desktop/New%20folder/project/src/project/ProjectUser.java</file>
            <file>file:/C:/Users/B.2.S/OneDrive/Desktop/New%20folder/project/src/project/Quotition.java</file>
            <file>file:/C:/Users/B.2.S/OneDrive/Desktop/New%20folder/project/src/project/Home.java</file>
            <file>file:/C:/Users/B.2.S/OneDrive/Desktop/New%20folder/project/src/project/DBConnect.java</file>
        </group>
    </open-files>
</project-private>
