<?xml version="1.0" encoding="UTF-8"?>
<project-private xmlns="http://www.netbeans.org/ns/project-private/1">
    <editor-bookmarks xmlns="http://www.netbeans.org/ns/editor-bookmarks/2" lastBookmarkId="0"/>
    <open-files xmlns="http://www.netbeans.org/ns/projectui-open-files/2">
        <group>
            <file>file:/C:/Users/airew/OneDrive/เดสก์ท็อป/project/project/src/project/Owner.java</file>
            <file>file:/C:/Users/airew/OneDrive/เดสก์ท็อป/project/project/src/project/CheckFunction.java</file>
            <file>file:/C:/Users/airew/OneDrive/เดสก์ท็อป/project/project/src/project/Dateoption.java</file>
            <file>file:/C:/Users/airew/OneDrive/เดสก์ท็อป/project/project/src/project/Register.java</file>
            <file>file:/C:/Users/airew/OneDrive/เดสก์ท็อป/project/project/src/project/DBConnect.java</file>
            <file>file:/C:/Users/airew/OneDrive/เดสก์ท็อป/project/project/src/project/Detail.java</file>
            <file>file:/C:/Users/airew/OneDrive/เดสก์ท็อป/project/project/src/project/Login.java</file>
            <file>file:/C:/Users/airew/OneDrive/เดสก์ท็อป/project/project/src/project/TaxCalculate.java</file>
            <file>file:/C:/Users/airew/OneDrive/เดสก์ท็อป/project/project/src/project/privacy.java</file>
            <file>file:/C:/Users/airew/OneDrive/เดสก์ท็อป/project/project/src/project/startja.java</file>
            <file>file:/C:/Users/airew/OneDrive/เดสก์ท็อป/project/project/src/project/Project.java</file>
            <file>file:/C:/Users/airew/OneDrive/เดสก์ท็อป/project/project/src/project/test.java</file>
            <file>file:/C:/Users/airew/OneDrive/เดสก์ท็อป/project/project/src/project/User.java</file>
            <file>file:/C:/Users/airew/OneDrive/เดสก์ท็อป/project/project/src/project/Showable.java</file>
            <file>file:/C:/Users/airew/OneDrive/เดสก์ท็อป/project/project/src/project/Quotition.java</file>
            <file>file:/C:/Users/airew/OneDrive/เดสก์ท็อป/project/project/src/project/Home.java</file>
            <file>file:/C:/Users/airew/OneDrive/เดสก์ท็อป/project/project/src/project/JOptionPane.java</file>
            <file>file:/C:/Users/airew/OneDrive/เดสก์ท็อป/project/project/src/project/Receipt.java</file>
            <file>file:/C:/Users/airew/OneDrive/เดสก์ท็อป/project/project/src/project/AddAble.java</file>
        </group>
    </open-files>
</project-private>
